{
    "data": [
        0.20657420552582723,
        0.22492143306096796,
        0.23356436394910582,
        0.3193164479707049,
        0.47173327811141025
    ],
    "knowledges": {
        "r8S3g": {
            "data": [
                0.17496671105193076,
                0.19438684477021748,
                0.1953416149068323,
                0.28094302554027506,
                0.4112903225806452
            ],
            "sub_knowledges": {
                "r8S3g_l0p5viby": {
                    "data": [
                        0.17120129121512567,
                        0.1810879368658399,
                        0.1884920634920635,
                        0.2495201535508637,
                        0.3958333333333333
                    ],
                    "participants": [
                        8674,
                        7096,
                        1008,
                        521,
                        48
                    ]
                },
                "r8S3g_n0m9rsw4": {
                    "data": [
                        0.17732390300230946,
                        0.20130488967084526,
                        0.1984629294755877,
                        0.29721669980119286,
                        0.42105263157894735
                    ],
                    "participants": [
                        13856,
                        13641,
                        2212,
                        1006,
                        76
                    ]
                }
            }
        },
        "t5V9e": {
            "data": [
                0.20986382881336538,
                0.19988186114140313,
                0.2412121212121212,
                0.3428430890309887,
                0.44375
            ],
            "sub_knowledges": {
                "t5V9e_e1k6cixp": {
                    "data": [
                        0.20986382881336538,
                        0.19988186114140313,
                        0.2412121212121212,
                        0.3428430890309887,
                        0.44375
                    ],
                    "participants": [
                        8739,
                        22008,
                        4950,
                        2033,
                        160
                    ]
                }
            }
        },
        "m3D1v": {
            "data": [
                0.28671931083991387,
                0.2701479672460853,
                0.2490894190493535,
                0.3529932919883559,
                0.4390495867768595
            ],
            "sub_knowledges": {
                "m3D1v_r1d7fr3l": {
                    "data": [
                        0.27972520697551523,
                        0.2513291880688474,
                        0.2311592935827942,
                        0.34141350543050525,
                        0.4194407456724368
                    ],
                    "participants": [
                        5677,
                        22194,
                        17157,
                        6353,
                        751
                    ]
                },
                "m3D1v_v3d9is1x": {
                    "data": [
                        0.4159159159159159,
                        0.39512937595129377,
                        0.3654842566759665,
                        0.3854748603351955,
                        0.5196850393700787
                    ],
                    "participants": [
                        666,
                        3285,
                        2509,
                        895,
                        127
                    ]
                },
                "m3D1v_t0v5ts9h": {
                    "data": [
                        0.21221864951768488,
                        0.2731501057082452,
                        0.2558746736292428,
                        0.4211332312404288,
                        0.4888888888888889
                    ],
                    "participants": [
                        622,
                        2365,
                        2298,
                        653,
                        90
                    ]
                }
            }
        },
        "y9W5d": {
            "data": [
                0.2602557272242941,
                0.23735486454023755,
                0.24041166380789022,
                0.3404524482809942,
                0.5226710634789777
            ],
            "sub_knowledges": {
                "y9W5d_c0w4mj5h": {
                    "data": [
                        0.26970661010957936,
                        0.2373942470389171,
                        0.2379490882830836,
                        0.3321600375454652,
                        0.47607655502392343
                    ],
                    "participants": [
                        2829,
                        11820,
                        22156,
                        8523,
                        836
                    ]
                },
                "y9W5d_p8g6dgtv": {
                    "data": [
                        0.2718052738336714,
                        0.2703723691311387,
                        0.2610216934919524,
                        0.38642756680731366,
                        0.6
                    ],
                    "participants": [
                        493,
                        1853,
                        4287,
                        2844,
                        240
                    ]
                },
                "y9W5d_e2j7p95s": {
                    "data": [
                        0.18518518518518517,
                        0.19040365575019041,
                        0.22792759512375324,
                        0.31144374698213423,
                        0.6715328467153284
                    ],
                    "participants": [
                        432,
                        1313,
                        2707,
                        2071,
                        137
                    ]
                }
            }
        },
        "k4W1c": {
            "data": [
                0.2919254658385093,
                0.24392041267501843,
                0.23568414707655214,
                0.3351206434316354,
                0.4596774193548387
            ],
            "sub_knowledges": {
                "k4W1c_h5r6nux7": {
                    "data": [
                        0.2919254658385093,
                        0.24392041267501843,
                        0.23568414707655214,
                        0.3351206434316354,
                        0.4596774193548387
                    ],
                    "participants": [
                        322,
                        1357,
                        3318,
                        1119,
                        124
                    ]
                }
            }
        },
        "s8Y2f": {
            "data": [
                0.23809523809523808,
                0.22029897718332023,
                0.22213967310549776,
                0.30200501253132833,
                0.4198473282442748
            ],
            "sub_knowledges": {
                "s8Y2f_v4x8by9j": {
                    "data": [
                        0.23809523809523808,
                        0.22029897718332023,
                        0.22213967310549776,
                        0.30200501253132833,
                        0.4198473282442748
                    ],
                    "participants": [
                        336,
                        1271,
                        2692,
                        1596,
                        131
                    ]
                }
            }
        },