{
    "Question_VgKw8PjY1FR6cm2QI9XW": 0.26526101003230745,
    "Question_q7OpB2zCMmW9wS8uNt3H": 0.13601599165652703,
    "Question_fZrP3FJ4ebUogW9V7taS": 0.16372741127803178,
    "Question_BW0ItEaymH3TkD6S15JF": 0.21685393258426966,
    "Question_rvB9mVE6Kbd8jAY4NwPx": 0.45553359683794464,
    "Question_3oPyUzDmQtcMfLpGZ0jW": 0.1610893377549995,
    "Question_3MwAFlmNO8EKrpY5zjUd": 0.1517189835575486,
    "Question_x2L7AqbMuTjCwPFy6vNr": 0.34787792083929425,
    "Question_tgOjrpZLw4RdVzQx85h6": 0.3016747933008268,
    "Question_s6VmP1G4UbEQWRYHK9Fd": 0.26712812544144654,
    "Question_h7pXNg80nJbw1C4kAPRm": 0.24693084693084694,
    "Question_6RQj2gF3OeK5AmDvThUV": 0.31771041084962104,
    "Question_4nHcauCQ0Y6Pm8DgKlLo": 0.25044897959183676,
    "Question_TmKaGvfNoXYq4FZ2JrBu": 0.24831552999178308,
    "Question_NixCn84GdK2tySa5rB1V": 0.38576069301570115,
    "Question_n2BTxIGw1Mc3Zo6RLdUe": 0.21596858638743455,
    "Question_7NJzCXUPcvQF4Mkfh9Wr": 0.34346924671734624,
    "Question_ZTbD7mxr2OUp8Fz6iNjy": 0.44971355824315723,
    "Question_Jr4Wz5jLqmN01KUwHa7g": 0.27952886529528864,
    "Question_QRm48lXxzdP7Tn1WgNOf": 0.2435265104808878,
    "Question_pVKXjZn0BkSwYcsa7C31": 0.2189242127467229,
    "Question_Ej5mBw9rsOUKkFycGvz2": 0.26884010484927917,
    "Question_lU2wvHSZq7m43xiVroBc": 0.2626602564102564,
    "Question_Mh4CZIsrEfxkP1wXtOYV": 0.289937106918239,
    "Question_62XbhBvJ8NUSnApgDL94": 0.27432482426933036,
    "Question_x2Fy7rZ3SwYl9jMQkpOD": 0.2480916030534351,
    "Question_UXqN1F7G3Sbldz02vZne": 0.3107055419541509,
    "Question_Ou3f2Wt9BqExm5DpN7Zk": 0.4206161137440758,
    "Question_Az73sM0rHfWVKuc4X2kL": 0.24869894338432424,
    "Question_EhVPdmlB31M8WKGqL0wc": 0.25285285285285286,
    "Question_oCjnFLbIs4Uxwek9rBpu": 0.30307467057101023,
    "Question_5fgqjSBwTPG7KUV3it6O": 0.1409612930667801,
    "Question_X3wF8QlTyi4mZkDp9Kae": 0.34016208914903195,
    "Question_YWXHr4G6Cl7bEm9iF2kQ": 0.23092203277603046,
    "Question_xqlJkmRaP0otZcX4fK3W": 0.2258761003155622,
    "Question_bumGRTJ0c8p4v5D6eHZa": 0.3262931034482759,
    "Question_hZ5wXofebmTlzKB1jNcP": 0.38649500788229113,
    "Question_FNg8X9v5zcbB1tQrxHR3": 0.26010739102969044
}