{
    "Question_VgKw8PjY1FR6cm2QI9XW": 0.8409090909090909,
    "Question_q7OpB2zCMmW9wS8uNt3H": 0.8607038123167156,
    "Question_fZrP3FJ4ebUogW9V7taS": 0.8489736070381232,
    "Question_BW0ItEaymH3TkD6S15JF": 0.8475073313782991,
    "Question_rvB9mVE6Kbd8jAY4NwPx": 0.8203812316715543,
    "Question_3oPyUzDmQtcMfLpGZ0jW": 0.844574780058651,
    "Question_3MwAFlmNO8EKrpY5zjUd": 0.8826979472140762,
    "Question_x2L7AqbMuTjCwPFy6vNr": 0.8313782991202346,
    "Question_tgOjrpZLw4RdVzQx85h6": 0.8511730205278593,
    "Question_s6VmP1G4UbEQWRYHK9Fd": 0.876099706744868,
    "Question_h7pXNg80nJbw1C4kAPRm": 0.8548387096774194,
    "Question_6RQj2gF3OeK5AmDvThUV": 0.8460410557184751,
    "Question_4nHcauCQ0Y6Pm8DgKlLo": 0.844574780058651,
    "Question_TmKaGvfNoXYq4FZ2JrBu": 0.8401759530791789,
    "Question_NixCn84GdK2tySa5rB1V": 0.8284457478005866,
    "Question_n2BTxIGw1Mc3Zo6RLdUe": 0.8401759530791789,
    "Question_7NJzCXUPcvQF4Mkfh9Wr": 0.8401759530791789,
    "Question_ZTbD7mxr2OUp8Fz6iNjy": 0.8379765395894428,
    "Question_Jr4Wz5jLqmN01KUwHa7g": 0.8563049853372434,
    "Question_QRm48lXxzdP7Tn1WgNOf": 0.8313782991202346,
    "Question_pVKXjZn0BkSwYcsa7C31": 0.8335777126099707,
    "Question_Ej5mBw9rsOUKkFycGvz2": 0.8577712609970675,
    "Question_lU2wvHSZq7m43xiVroBc": 0.8504398826979472,
    "Question_Mh4CZIsrEfxkP1wXtOYV": 0.8291788856304986,
    "Question_62XbhBvJ8NUSnApgDL94": 0.8196480938416423,
    "Question_x2Fy7rZ3SwYl9jMQkpOD": 0.8321114369501467,
    "Question_UXqN1F7G3Sbldz02vZne": 0.8255131964809385,
    "Question_Ou3f2Wt9BqExm5DpN7Zk": 0.8255131964809385,
    "Question_Az73sM0rHfWVKuc4X2kL": 0.8460410557184751,
    "Question_EhVPdmlB31M8WKGqL0wc": 0.8519061583577713,
    "Question_oCjnFLbIs4Uxwek9rBpu": 0.8299120234604106,
    "Question_5fgqjSBwTPG7KUV3it6O": 0.8357771260997068,
    "Question_X3wF8QlTyi4mZkDp9Kae": 0.8306451612903226,
    "Question_YWXHr4G6Cl7bEm9iF2kQ": 0.7983870967741935,
    "Question_xqlJkmRaP0otZcX4fK3W": 0.7763929618768328,
    "Question_bumGRTJ0c8p4v5D6eHZa": 0.8291788856304986,
    "Question_hZ5wXofebmTlzKB1jNcP": 0.8211143695014663,
    "Question_FNg8X9v5zcbB1tQrxHR3": 0.844574780058651
}