{
    "Question_VgKw8PjY1FR6cm2QI9XW": {
        "total": 5881,
        "std": 22.756445384691318
    },
    "Question_q7OpB2zCMmW9wS8uNt3H": {
        "total": 11506,
        "std": 21.520008686202186
    },
    "Question_fZrP3FJ4ebUogW9V7taS": {
        "total": 9186,
        "std": 21.73689279724407
    },
    "Question_BW0ItEaymH3TkD6S15JF": {
        "total": 7121,
        "std": 24.0290831748382
    },
    "Question_rvB9mVE6Kbd8jAY4NwPx": {
        "total": 3036,
        "std": 23.4415684495646
    },
    "Question_3oPyUzDmQtcMfLpGZ0jW": {
        "total": 9953,
        "std": 21.299980860121487
    },
    "Question_3MwAFlmNO8EKrpY5zjUd": {
        "total": 12043,
        "std": 22.880000869108407
    },
    "Question_x2L7AqbMuTjCwPFy6vNr": {
        "total": 4194,
        "std": 22.40998420627916
    },
    "Question_tgOjrpZLw4RdVzQx85h6": {
        "total": 4717,
        "std": 24.136141328641692
    },
    "Question_s6VmP1G4UbEQWRYHK9Fd": {
        "total": 7079,
        "std": 26.353342282559062
    },
    "Question_h7pXNg80nJbw1C4kAPRm": {
        "total": 6435,
        "std": 24.603856407279526
    },
    "Question_6RQj2gF3OeK5AmDvThUV": {
        "total": 5014,
        "std": 24.074220165096886
    },
    "Question_4nHcauCQ0Y6Pm8DgKlLo": {
        "total": 6125,
        "std": 23.762597565755584
    },
    "Question_TmKaGvfNoXYq4FZ2JrBu": {
        "total": 6085,
        "std": 23.537983028207535
    },
    "Question_NixCn84GdK2tySa5rB1V": {
        "total": 3694,
        "std": 25.107754842752804
    },
    "Question_n2BTxIGw1Mc3Zo6RLdUe": {
        "total": 6876,
        "std": 27.68122194086423
    },
    "Question_7NJzCXUPcvQF4Mkfh9Wr": {
        "total": 4341,
        "std": 24.760617563757478
    },
    "Question_ZTbD7mxr2OUp8Fz6iNjy": {
        "total": 3142,
        "std": 27.55588232982949
    },
    "Question_Jr4Wz5jLqmN01KUwHa7g": {
        "total": 6028,
        "std": 25.405400948595275
    },
    "Question_QRm48lXxzdP7Tn1WgNOf": {
        "total": 6488,
        "std": 25.0646947156864
    },
    "Question_pVKXjZn0BkSwYcsa7C31": {
        "total": 6637,
        "std": 23.976190458019914
    },
    "Question_Ej5mBw9rsOUKkFycGvz2": {
        "total": 6104,
        "std": 25.069557859715793
    },
    "Question_lU2wvHSZq7m43xiVroBc": {
        "total": 6240,
        "std": 23.80780673713922
    },
    "Question_Mh4CZIsrEfxkP1wXtOYV": {
        "total": 4770,
        "std": 25.1303378634597
    },
    "Question_62XbhBvJ8NUSnApgDL94": {
        "total": 5406,
        "std": 26.41491754161945
    },
    "Question_x2Fy7rZ3SwYl9jMQkpOD": {
        "total": 6026,
        "std": 26.152289417842052
    },
    "Question_UXqN1F7G3Sbldz02vZne": {
        "total": 4493,
        "std": 24.82967447582668
    },
    "Question_Ou3f2Wt9BqExm5DpN7Zk": {
        "total": 3376,
        "std": 24.863793985540493
    },
    "Question_Az73sM0rHfWVKuc4X2kL": {
        "total": 6341,
        "std": 26.533967493531186
    },
    "Question_EhVPdmlB31M8WKGqL0wc": {
        "total": 6660,
        "std": 27.245954504829196
    },
    "Question_oCjnFLbIs4Uxwek9rBpu": {
        "total": 4782,
        "std": 27.012144691397438
    },
    "Question_5fgqjSBwTPG7KUV3it6O": {
        "total": 11755,
        "std": 28.874494738065216
    },
    "Question_X3wF8QlTyi4mZkDp9Kae": {
        "total": 4442,
        "std": 28.25557018983932
    },
    "Question_YWXHr4G6Cl7bEm9iF2kQ": {
        "total": 6041,
        "std": 29.146649595407265
    },
    "Question_xqlJkmRaP0otZcX4fK3W": {
        "total": 6021,
        "std": 25.223317417722217
    },
    "Question_bumGRTJ0c8p4v5D6eHZa": {
        "total": 4642,
        "std": 26.43828589390246
    },
    "Question_hZ5wXofebmTlzKB1jNcP": {
        "total": 3806,
        "std": 30.983011184050966
    },
    "Question_FNg8X9v5zcbB1tQrxHR3": {
        "total": 6332,
        "std": 30.47734030674378
    }
}